{
  "name": "Belfast",
  "id": "43aa8102-2c6c-45c0-b0c6-6265cb81df33",
  "composites": [
    {
      "id": "22262117-4fbe-41b8-916d-80d21bbaa245",
      "name": "Aldergrove",
      "identifier": "EGAA",
      "atisType": "Combined",
      "codeRange": {
        "low": "A",
        "high": "Z"
      },
      "frequency": 126125000,
      "atisVoice": {
        "useTextToSpeech": true,
        "voice": "UK Male"
      },
      "idsEndpoint": "",
      "useNotamPrefix": true,
      "useDecimalTerminology": false,
      "airportConditionsBeforeFreeText": false,
      "notamsBeforeFreeText": false,
      "presets": [
        {
          "id": "452f56a2-1c88-45b4-b5e2-92415a12dc09",
          "name": "25",
          "template": "ALDERGROVE INFORMATION [ATIS_CODE], TIME [TIME] AUTOMATIC. RUNWAY IN USE 25, [TL], [WX]. [ARPT_COND], [NOTAMS]. ACKNOWLEDGE RECEIPT OF INFORMATION [ATIS_CODE] AND ADVISE AIRCRAFT TYPE ON FIRST CONTACT.",
          "externalGenerator": {
            "enabled": false
          }
        },
        {
          "id": "8b6d237f-da1b-40fd-b288-df481222a768",
          "name": "07",
          "template": "ALDERGROVE INFORMATION [ATIS_CODE], TIME [TIME] AUTOMATIC. RUNWAY IN USE 07, [TL], [WX]. [ARPT_COND], [NOTAMS]. ACKNOWLEDGE RECEIPT OF INFORMATION [ATIS_CODE] AND ADVISE AIRCRAFT TYPE ON FIRST CONTACT.",
          "externalGenerator": {
            "enabled": false
          }
        },
        {
          "id": "9a4d1174-f7a3-4891-9471-bcfcea4bdb31",
          "name": "35",
          "template": "ALDERGROVE INFORMATION [ATIS_CODE], TIME [TIME] AUTOMATIC. RUNWAY IN USE 35, [TL], [WX]. [ARPT_COND], [NOTAMS]. ACKNOWLEDGE RECEIPT OF INFORMATION [ATIS_CODE] AND ADVISE AIRCRAFT TYPE ON FIRST CONTACT.",
          "externalGenerator": {
            "enabled": false
          }
        },
        {
          "id": "c0214409-1738-472c-8619-c5537971813a",
          "name": "17",
          "template": "ALDERGROVE INFORMATION [ATIS_CODE], TIME [TIME] AUTOMATIC. RUNWAY IN USE 17, [TL], [WX]. [ARPT_COND], [NOTAMS]. ACKNOWLEDGE RECEIPT OF INFORMATION [ATIS_CODE] AND ADVISE AIRCRAFT TYPE ON FIRST CONTACT.",
          "externalGenerator": {
            "enabled": false
          }
        }
      ],
      "contractions": [],
      "airportConditionDefinitions": [],
      "notamDefinitions": [],
      "atisFormat": {
        "observationTime": {
          "template": {
            "text": "{time}Z",
            "voice": "{time} ZULU {special}"
          }
        },
        "surfaceWind": {
          "speakLeadingZero": false,
          "magneticVariation": {
            "enabled": false,
            "magneticDegrees": 0
          },
          "standard": {
            "template": {
              "text": "{wind_dir}{wind_spd}KT",
              "voice": "WIND {wind_dir} degrees AT {wind_spd} knots"
            }
          },
          "standardGust": {
            "template": {
              "text": "{wind_dir}{wind_spd}G{wind_gust}KT",
              "voice": "WIND {wind_dir} degrees AT {wind_spd} knots GUSTS {wind_gust}"
            }
          },
          "variable": {
            "template": {
              "text": "VRB{wind_spd}KT",
              "voice": "WIND VARIABLE AT {wind_spd} knots"
            }
          },
          "variableGust": {
            "template": {
              "text": "VRB{wind_spd}G{wind_gust}KT",
              "voice": "WIND VARIABLE AT {wind_spd} knots GUSTS {wind_gust}"
            }
          },
          "variableDirection": {
            "template": {
              "text": "{wind_vmin}V{wind_vmax}",
              "voice": "WIND VARIABLE BETWEEN {wind_vmin} AND {wind_vmax} degrees"
            }
          },
          "calm": {
            "calmWindSpeed": 2,
            "template": {
              "text": "{wind}",
              "voice": "WIND CALM"
            }
          }
        },
        "visibility": {
          "north": "to the north",
          "northEast": "to the north-east",
          "east": "to the east",
          "southEast": "to the south-east",
          "south": "to the south",
          "southWest": "to the south-west",
          "west": "to the west",
          "northWest": "to the north-west",
          "unlimitedVisibilityVoice": "visibility 10 kilometers or more",
          "unlimitedVisibilityText": "VIS 10KM",
          "includeVisibilitySuffix": true,
          "metersCutoff": 5000,
          "template": {
            "text": "{visibility}",
            "voice": "VISIBILITY {visibility}"
          }
        },
        "presentWeather": {
          "lightIntensity": "light",
          "moderateIntensity": "",
          "heavyIntensity": "heavy",
          "vicinity": "in vicinity",
          "weatherTypes": {
            "DZ": "drizzle",
            "RA": "rain",
            "SN": "snow",
            "SG": "snow grains",
            "IC": "ice crystals",
            "PL": "ice pellets",
            "GR": "hail",
            "GS": "small hail",
            "UP": "unknown precipitation",
            "BR": "mist",
            "FG": "fog",
            "FU": "smoke",
            "VA": "volcanic ash",
            "DU": "widespread dust",
            "SA": "sand",
            "HZ": "haze",
            "PY": "spray",
            "PO": "well developed dust, sand whirls",
            "SQ": "squalls",
            "FC": "funnel cloud tornado waterspout",
            "SS": "sandstorm",
            "DS": "dust storm"
          },
          "weatherDescriptors": {
            "PR": "partial",
            "BC": "patches",
            "MI": "shallow",
            "DR": "low drifting",
            "BL": "blowing",
            "SH": "showers",
            "TS": "thunderstorm",
            "FZ": "freezing"
          },
          "template": {
            "text": "{weather}",
            "voice": "{weather}"
          }
        },
        "clouds": {
          "identifyCeilingLayer": true,
          "convertToMetric": false,
          "undeterminedLayerAltitude": {
            "text": "undetermined",
            "voice": "undetermined"
          },
          "types": {
            "FEW": {
              "$type": "Vatsim.Vatis.Profiles.AtisFormat.Nodes.CloudType, vATIS",
              "text": "FEW{altitude}",
              "voice": "few clouds at {altitude}"
            },
            "SCT": {
              "$type": "Vatsim.Vatis.Profiles.AtisFormat.Nodes.CloudType, vATIS",
              "text": "SCT{altitude}{convective}",
              "voice": "{altitude} scattered {convective}"
            },
            "BKN": {
              "$type": "Vatsim.Vatis.Profiles.AtisFormat.Nodes.CloudType, vATIS",
              "text": "BKN{altitude}{convective}",
              "voice": "{altitude} broken {convective}"
            },
            "OVC": {
              "$type": "Vatsim.Vatis.Profiles.AtisFormat.Nodes.CloudType, vATIS",
              "text": "OVC{altitude}{convective}",
              "voice": "{altitude} overcast {convective}"
            },
            "VV": {
              "$type": "Vatsim.Vatis.Profiles.AtisFormat.Nodes.CloudType, vATIS",
              "text": "VV{altitude}",
              "voice": "indefinite ceiling {altitude}"
            },
            "NSC": {
              "$type": "Vatsim.Vatis.Profiles.AtisFormat.Nodes.CloudType, vATIS",
              "text": "NSC",
              "voice": "no significant clouds"
            },
            "NCD": {
              "$type": "Vatsim.Vatis.Profiles.AtisFormat.Nodes.CloudType, vATIS",
              "text": "NCD",
              "voice": "no clouds detected"
            },
            "CLR": {
              "$type": "Vatsim.Vatis.Profiles.AtisFormat.Nodes.CloudType, vATIS",
              "text": "CLR",
              "voice": "sky clear below one-two thousand"
            },
            "SKC": {
              "$type": "Vatsim.Vatis.Profiles.AtisFormat.Nodes.CloudType, vATIS",
              "text": "SKC",
              "voice": "sky clear"
            }
          },
          "convectiveTypes": {
            "CB": "cumulonimbus",
            "TCU": "towering cumulus"
          },
          "template": {
            "text": "{clouds}",
            "voice": "{clouds}"
          }
        },
        "temperature": {
          "usePlusPrefix": false,
          "pronounceLeadingZero": true,
          "template": {
            "text": "{temp}",
            "voice": "TEMPERATURE {temp}"
          }
        },
        "dewpoint": {
          "usePlusPrefix": false,
          "pronounceLeadingZero": true,
          "template": {
            "text": "{dewpoint}",
            "voice": "DEWPOINT {dewpoint}"
          }
        },
        "altimeter": {
          "pronounceDecimal": false,
          "template": {
            "text": "Q{altimeter}",
            "voice": "QNH {altimete|hpa}"
          }
        },
        "transitionLevel": {
          "values": [],
          "template": {
            "text": "TRANSITION LEVEL {trl}",
            "voice": "TRANSITION LEVEL {trl}"
          }
        },
        "closingStatement": {
          "autoIncludeClosingStatement": true,
          "template": {
            "text": "...ADVS YOU HAVE INFO {letter}",
            "voice": "ADVISE ON INITIAL CONTACT, YOU HAVE INFORMATION {letter|word}"
          }
        }
      }
    },
    {
      "id": "4a2b60d6-56ca-454f-a6b3-2459bca53ea4",
      "name": "City",
      "identifier": "EGAC",
      "atisType": "Combined",
      "codeRange": {
        "low": "A",
        "high": "Z"
      },
      "frequency": 124575000,
      "atisVoice": {
        "useTextToSpeech": true,
        "voice": "UK Male"
      },
      "idsEndpoint": "",
      "useNotamPrefix": false,
      "useDecimalTerminology": true,
      "airportConditionsBeforeFreeText": false,
      "notamsBeforeFreeText": false,
      "presets": [
        {
          "id": "ccb5a39c-e6d8-41a1-8c3a-4052c2a75b13",
          "name": "22",
          "template": "BELFAST INFORMATION [ATIS_CODE], TIME [TIME] AUTOMATIC. RUNWAY IN USE 22, [TL], [WX]. [ARPT_COND], [NOTAMS]. ACKNOWLEDGE RECEIPT OF INFORMATION [ATIS_CODE] AND ADVISE AIRCRAFT TYPE ON FIRST CONTACT.",
          "externalGenerator": {
            "enabled": false
          }
        },
        {
          "id": "6d6cc739-8e53-4a36-b4de-e4219b556a9d",
          "name": "04",
          "template": "BELFAST INFORMATION [ATIS_CODE], TIME [TIME] AUTOMATIC. RUNWAY IN USE 04, [TL], [WX]. [ARPT_COND], [NOTAMS]. ACKNOWLEDGE RECEIPT OF INFORMATION [ATIS_CODE] AND ADVISE AIRCRAFT TYPE ON FIRST CONTACT.",
          "externalGenerator": {
            "enabled": false
          }
        }
      ],
      "contractions": [],
      "airportConditionDefinitions": [],
      "notamDefinitions": [],
      "atisFormat": {
        "observationTime": {
          "template": {
            "text": "{time}Z",
            "voice": "{time} ZULU {special}"
          }
        },
        "surfaceWind": {
          "speakLeadingZero": false,
          "magneticVariation": {
            "enabled": false,
            "magneticDegrees": 0
          },
          "standard": {
            "template": {
              "text": "{wind_dir}{wind_spd}KT",
              "voice": "WIND {wind_dir} degrees AT {wind_spd} knots"
            }
          },
          "standardGust": {
            "template": {
              "text": "{wind_dir}{wind_spd}G{wind_gust}KT",
              "voice": "WIND {wind_dir} degrees AT {wind_spd} knots GUSTS {wind_gust}"
            }
          },
          "variable": {
            "template": {
              "text": "VRB{wind_spd}KT",
              "voice": "WIND VARIABLE AT {wind_spd} knots"
            }
          },
          "variableGust": {
            "template": {
              "text": "VRB{wind_spd}G{wind_gust}KT",
              "voice": "WIND VARIABLE AT {wind_spd} knots GUSTS {wind_gust}"
            }
          },
          "variableDirection": {
            "template": {
              "text": "{wind_vmin}V{wind_vmax}",
              "voice": "WIND VARIABLE BETWEEN {wind_vmin} AND {wind_vmax} degrees"
            }
          },
          "calm": {
            "calmWindSpeed": 2,
            "template": {
              "text": "{wind}",
              "voice": "WIND CALM"
            }
          }
        },
        "visibility": {
          "north": "to the north",
          "northEast": "to the north-east",
          "east": "to the east",
          "southEast": "to the south-east",
          "south": "to the south",
          "southWest": "to the south-west",
          "west": "to the west",
          "northWest": "to the north-west",
          "unlimitedVisibilityVoice": "visibility 10 kilometers or more",
          "unlimitedVisibilityText": "VIS 10KM",
          "includeVisibilitySuffix": true,
          "metersCutoff": 5000,
          "template": {
            "text": "{visibility}",
            "voice": "VISIBILITY {visibility}"
          }
        },
        "presentWeather": {
          "lightIntensity": "light",
          "moderateIntensity": "",
          "heavyIntensity": "heavy",
          "vicinity": "in vicinity",
          "weatherTypes": {
            "DZ": "drizzle",
            "RA": "rain",
            "SN": "snow",
            "SG": "snow grains",
            "IC": "ice crystals",
            "PL": "ice pellets",
            "GR": "hail",
            "GS": "small hail",
            "UP": "unknown precipitation",
            "BR": "mist",
            "FG": "fog",
            "FU": "smoke",
            "VA": "volcanic ash",
            "DU": "widespread dust",
            "SA": "sand",
            "HZ": "haze",
            "PY": "spray",
            "PO": "well developed dust, sand whirls",
            "SQ": "squalls",
            "FC": "funnel cloud tornado waterspout",
            "SS": "sandstorm",
            "DS": "dust storm"
          },
          "weatherDescriptors": {
            "PR": "partial",
            "BC": "patches",
            "MI": "shallow",
            "DR": "low drifting",
            "BL": "blowing",
            "SH": "showers",
            "TS": "thunderstorm",
            "FZ": "freezing"
          },
          "template": {
            "text": "{weather}",
            "voice": "{weather}"
          }
        },
        "clouds": {
          "identifyCeilingLayer": true,
          "convertToMetric": false,
          "undeterminedLayerAltitude": {
            "text": "undetermined",
            "voice": "undetermined"
          },
          "types": {
            "FEW": {
              "$type": "Vatsim.Vatis.Profiles.AtisFormat.Nodes.CloudType, vATIS",
              "text": "FEW{altitude}",
              "voice": "few clouds at {altitude}"
            },
            "SCT": {
              "$type": "Vatsim.Vatis.Profiles.AtisFormat.Nodes.CloudType, vATIS",
              "text": "SCT{altitude}{convective}",
              "voice": "{altitude} scattered {convective}"
            },
            "BKN": {
              "$type": "Vatsim.Vatis.Profiles.AtisFormat.Nodes.CloudType, vATIS",
              "text": "BKN{altitude}{convective}",
              "voice": "{altitude} broken {convective}"
            },
            "OVC": {
              "$type": "Vatsim.Vatis.Profiles.AtisFormat.Nodes.CloudType, vATIS",
              "text": "OVC{altitude}{convective}",
              "voice": "{altitude} overcast {convective}"
            },
            "VV": {
              "$type": "Vatsim.Vatis.Profiles.AtisFormat.Nodes.CloudType, vATIS",
              "text": "VV{altitude}",
              "voice": "indefinite ceiling {altitude}"
            },
            "NSC": {
              "$type": "Vatsim.Vatis.Profiles.AtisFormat.Nodes.CloudType, vATIS",
              "text": "NSC",
              "voice": "no significant clouds"
            },
            "NCD": {
              "$type": "Vatsim.Vatis.Profiles.AtisFormat.Nodes.CloudType, vATIS",
              "text": "NCD",
              "voice": "no clouds detected"
            },
            "CLR": {
              "$type": "Vatsim.Vatis.Profiles.AtisFormat.Nodes.CloudType, vATIS",
              "text": "CLR",
              "voice": "sky clear below one-two thousand"
            },
            "SKC": {
              "$type": "Vatsim.Vatis.Profiles.AtisFormat.Nodes.CloudType, vATIS",
              "text": "SKC",
              "voice": "sky clear"
            }
          },
          "convectiveTypes": {
            "CB": "cumulonimbus",
            "TCU": "towering cumulus"
          },
          "template": {
            "text": "{clouds}",
            "voice": "{clouds}"
          }
        },
        "temperature": {
          "usePlusPrefix": false,
          "pronounceLeadingZero": false,
          "template": {
            "text": "{temp}",
            "voice": "TEMPERATURE {temp}"
          }
        },
        "dewpoint": {
          "usePlusPrefix": false,
          "pronounceLeadingZero": false,
          "template": {
            "text": "{dewpoint}",
            "voice": "DEWPOINT {dewpoint}"
          }
        },
        "altimeter": {
          "pronounceDecimal": false,
          "template": {
            "text": "Q{altimeter} ({altimeter|text})",
            "voice": "QNH {altimete|hpa}"
          }
        },
        "transitionLevel": {
          "values": [],
          "template": {
            "text": "TRANSITION LEVEL {trl}",
            "voice": "TRANSITION LEVEL {trl}"
          }
        },
        "closingStatement": {
          "autoIncludeClosingStatement": true,
          "template": {
            "text": "...ADVS YOU HAVE INFO {letter}",
            "voice": "ADVISE ON INITIAL CONTACT, YOU HAVE INFORMATION {letter|word}"
          }
        }
      }
    }
  ]
}