{
  "name": "Birmingham",
  "id": "ada8a279-9e34-45e9-8469-2d926305936d",
  "composites": [
    {
      "id": "be2473b5-67e0-4b6b-a113-c20f77303a87",
      "name": "Birmingham",
      "identifier": "EGBB",
      "atisType": "Combined",
      "codeRange": {
        "low": "A",
        "high": "Z"
      },
      "frequency": 136025000,
      "atisVoice": {
        "useTextToSpeech": true,
        "voice": "UK Male"
      },
      "idsEndpoint": "",
      "useNotamPrefix": false,
      "useDecimalTerminology": true,
      "airportConditionsBeforeFreeText": false,
      "notamsBeforeFreeText": false,
      "presets": [
        {
          "id": "121c0016-97cf-4194-ad9e-90d92d38fc01",
          "name": "33",
          "template": "BIRMINGHAM INFORMATION [ATIS_CODE], TIME [TIME] AUTOMATIC. RUNWAY IN USE 33, [TL], [WX]. [ARPT_COND], [NOTAMS]. ACKNOWLEDGE RECEIPT OF INFORMATION [ATIS_CODE] AND ADVISE AIRCRAFT TYPE ON FIRST CONTACT.",
          "externalGenerator": {
            "enabled": false
          }
        },
        {
          "id": "8a2b8f38-cf34-4fee-86b4-4f634a620d84",
          "name": "15",
          "notams": "DATALINK CLEARANCES ARE AVAILABLE.",
          "template": "BIRMINGHAM INFORMATION [ATIS_CODE], TIME [TIME] AUTOMATIC. RUNWAY IN USE 15, [TL], [WX]. [ARPT_COND], [NOTAMS]. ACKNOWLEDGE RECEIPT OF INFORMATION [ATIS_CODE] AND ADVISE AIRCRAFT TYPE ON FIRST CONTACT.",
          "externalGenerator": {
            "enabled": false
          }
        }
      ],
      "contractions": [],
      "airportConditionDefinitions": [],
      "notamDefinitions": [],
      "atisFormat": {
        "observationTime": {
          "template": {
            "text": "{time}Z",
            "voice": "{time} ZULU {special}"
          }
        },
        "surfaceWind": {
          "speakLeadingZero": false,
          "magneticVariation": {
            "enabled": false,
            "magneticDegrees": 0
          },
          "standard": {
            "template": {
              "text": "{wind_dir}{wind_spd}KT",
              "voice": "WIND {wind_dir} degrees AT {wind_spd} knots"
            }
          },
          "standardGust": {
            "template": {
              "text": "{wind_dir}{wind_spd}G{wind_gust}KT",
              "voice": "WIND {wind_dir} degrees AT {wind_spd} knots GUSTS {wind_gust}"
            }
          },
          "variable": {
            "template": {
              "text": "VRB{wind_spd}KT",
              "voice": "WIND VARIABLE AT {wind_spd} knots"
            }
          },
          "variableGust": {
            "template": {
              "text": "VRB{wind_spd}G{wind_gust}KT",
              "voice": "WIND VARIABLE AT {wind_spd} knots GUSTS {wind_gust}"
            }
          },
          "variableDirection": {
            "template": {
              "text": "{wind_vmin}V{wind_vmax}",
              "voice": "WIND VARIABLE BETWEEN {wind_vmin} AND {wind_vmax} degrees"
            }
          },
          "calm": {
            "calmWindSpeed": 2,
            "template": {
              "text": "{wind}",
              "voice": "WIND CALM"
            }
          }
        },
        "visibility": {
          "north": "to the north",
          "northEast": "to the north-east",
          "east": "to the east",
          "southEast": "to the south-east",
          "south": "to the south",
          "southWest": "to the south-west",
          "west": "to the west",
          "northWest": "to the north-west",
          "unlimitedVisibilityVoice": "visibility ten kilometers or more",
          "unlimitedVisibilityText": "VIS 10KM",
          "includeVisibilitySuffix": true,
          "metersCutoff": 5000,
          "template": {
            "text": "{visibility}",
            "voice": "VISIBILITY {visibility}"
          }
        },
        "presentWeather": {
          "lightIntensity": "light",
          "moderateIntensity": "",
          "heavyIntensity": "heavy",
          "vicinity": "in vicinity",
          "weatherTypes": {
            "DZ": "drizzle",
            "RA": "rain",
            "SN": "snow",
            "SG": "snow grains",
            "IC": "ice crystals",
            "PL": "ice pellets",
            "GR": "hail",
            "GS": "small hail",
            "UP": "unknown precipitation",
            "BR": "mist",
            "FG": "fog",
            "FU": "smoke",
            "VA": "volcanic ash",
            "DU": "widespread dust",
            "SA": "sand",
            "HZ": "haze",
            "PY": "spray",
            "PO": "well developed dust, sand whirls",
            "SQ": "squalls",
            "FC": "funnel cloud tornado waterspout",
            "SS": "sandstorm",
            "DS": "dust storm"
          },
          "weatherDescriptors": {
            "PR": "partial",
            "BC": "patches",
            "MI": "shallow",
            "DR": "low drifting",
            "BL": "blowing",
            "SH": "showers",
            "TS": "thunderstorm",
            "FZ": "freezing"
          },
          "template": {
            "text": "{weather}",
            "voice": "{weather}"
          }
        },
        "clouds": {
          "identifyCeilingLayer": true,
          "convertToMetric": false,
          "undeterminedLayerAltitude": {
            "text": "undetermined",
            "voice": "undetermined"
          },
          "types": {
            "FEW": {
              "$type": "Vatsim.Vatis.Profiles.AtisFormat.Nodes.CloudType, vATIS",
              "text": "FEW{altitude}",
              "voice": "few clouds at {altitude}"
            },
            "SCT": {
              "$type": "Vatsim.Vatis.Profiles.AtisFormat.Nodes.CloudType, vATIS",
              "text": "SCT{altitude}{convective}",
              "voice": "{altitude} scattered {convective}"
            },
            "BKN": {
              "$type": "Vatsim.Vatis.Profiles.AtisFormat.Nodes.CloudType, vATIS",
              "text": "BKN{altitude}{convective}",
              "voice": "{altitude} broken {convective}"
            },
            "OVC": {
              "$type": "Vatsim.Vatis.Profiles.AtisFormat.Nodes.CloudType, vATIS",
              "text": "OVC{altitude}{convective}",
              "voice": "{altitude} overcast {convective}"
            },
            "VV": {
              "$type": "Vatsim.Vatis.Profiles.AtisFormat.Nodes.CloudType, vATIS",
              "text": "VV{altitude}",
              "voice": "indefinite ceiling {altitude}"
            },
            "NSC": {
              "$type": "Vatsim.Vatis.Profiles.AtisFormat.Nodes.CloudType, vATIS",
              "text": "NSC",
              "voice": "no significant clouds"
            },
            "NCD": {
              "$type": "Vatsim.Vatis.Profiles.AtisFormat.Nodes.CloudType, vATIS",
              "text": "NCD",
              "voice": "no clouds detected"
            },
            "CLR": {
              "$type": "Vatsim.Vatis.Profiles.AtisFormat.Nodes.CloudType, vATIS",
              "text": "CLR",
              "voice": "sky clear below one-two thousand"
            },
            "SKC": {
              "$type": "Vatsim.Vatis.Profiles.AtisFormat.Nodes.CloudType, vATIS",
              "text": "SKC",
              "voice": "sky clear"
            }
          },
          "convectiveTypes": {
            "CB": "cumulonimbus",
            "TCU": "towering cumulus"
          },
          "template": {
            "text": "{clouds}",
            "voice": "{clouds}"
          }
        },
        "temperature": {
          "usePlusPrefix": false,
          "pronounceLeadingZero": true,
          "template": {
            "text": "{temp}",
            "voice": "TEMPERATURE {temp}"
          }
        },
        "dewpoint": {
          "usePlusPrefix": false,
          "pronounceLeadingZero": true,
          "template": {
            "text": "{dewpoint}",
            "voice": "DEWPOINT {dewpoint}"
          }
        },
        "altimeter": {
          "pronounceDecimal": false,
          "template": {
            "text": "Q{altimeter}",
            "voice": "QNH {altimeter|hpa}"
          }
        },
        "transitionLevel": {
          "values": [],
          "template": {
            "text": "TRANSITION LEVEL {trl}",
            "voice": "TRANSITION LEVEL {trl}"
          }
        },
        "closingStatement": {
          "autoIncludeClosingStatement": true,
          "template": {
            "text": "...ADVS YOU HAVE INFO {letter}",
            "voice": "ADVISE ON INITIAL CONTACT, YOU HAVE INFORMATION {letter|word}"
          }
        }
      }
    }
  ]
}