{
  "name": "Gatwick",
  "id": "5f7f828e-4908-489b-942d-4d65e0478183",
  "composites": [
    {
      "id": "8cb4bc45-a2f3-47f4-89a0-250144e9054b",
      "name": "Gatwick",
      "identifier": "EGKK",
      "atisType": "Combined",
      "codeRange": {
        "low": "A",
        "high": "Z"
      },
      "frequency": 136525000,
      "atisVoice": {
        "useTextToSpeech": true,
        "voice": "UK Male"
      },
      "idsEndpoint": "",
      "useNotamPrefix": false,
      "useDecimalTerminology": true,
      "airportConditionsBeforeFreeText": false,
      "notamsBeforeFreeText": false,
      "presets": [
        {
          "id": "6caef42c-2cf5-4c90-b92f-290494f7aba8",
          "name": "26L",
          "notams": "DATALINK CLEARANCES ARE AVAILABLE.",
          "template": "GATWICK INFORMATION [ATIS_CODE], TIME [TIME] AUTOMATIC. RUNWAY IN USE 26L, [TL], [WX]. [ARPT_COND], [NOTAMS]. ACKNOWLEDGE RECEIPT OF INFORMATION [ATIS_CODE] AND ADVISE AIRCRAFT TYPE ON FIRST CONTACT.",
          "externalGenerator": {
            "enabled": false
          }
        },
        {
          "id": "34799a70-a4d9-4551-91f7-23ae6f0999a1",
          "name": "08R",
          "notams": "\n\n",
          "template": "GATWICK INFORMATION [ATIS_CODE], TIME [TIME] AUTOMATIC. RUNWAY IN USE 08R, [TL], [WX]. [ARPT_COND], [NOTAMS]. ACKNOWLEDGE RECEIPT OF INFORMATION [ATIS_CODE] AND ADVISE AIRCRAFT TYPE ON FIRST CONTACT.",
          "externalGenerator": {
            "enabled": false
          }
        },
        {
          "id": "91a613d0-91ea-4f90-a99f-c2c8eee5ccdb",
          "name": "26R",
          "template": "GATWICK INFORMATION [ATIS_CODE], TIME [TIME] AUTOMATIC. RUNWAY IN USE 26R, [TL], [WX]. [ARPT_COND], [NOTAMS]. RNP APPROACH TO BE EXPECTED. ACKNOWLEDGE RECEIPT OF INFORMATION [ATIS_CODE] AND ADVISE AIRCRAFT TYPE ON FIRST CONTACT.",
          "externalGenerator": {
            "enabled": false
          }
        },
        {
          "id": "a952915a-1f9c-4207-8142-19e759eb6f77",
          "name": "08L",
          "template": "GATWICK INFORMATION [ATIS_CODE], TIME [TIME] AUTOMATIC. RUNWAY IN USE 08L, [TL], [WX]. [ARPT_COND], [NOTAMS]. RNP APPROACH TO BE EXPECTED. ACKNOWLEDGE RECEIPT OF INFORMATION [ATIS_CODE] AND ADVISE AIRCRAFT TYPE ON FIRST CONTACT.",
          "externalGenerator": {
            "enabled": false
          }
        }
      ],
      "contractions": [
        {
          "string": "26L",
          "spoken": "TWO SIX LEFT"
        },
        {
          "string": "26R",
          "spoken": "TWO SIX RIGHT"
        },
        {
          "string": "08L",
          "spoken": "ZERO EIGHT LEFT"
        },
        {
          "string": "08R",
          "spoken": "ZERO EIGHT RIGHT"
        }
      ],
      "airportConditionDefinitions": [],
      "notamDefinitions": [
        {
          "description": "DATALINK CLEARANCES",
          "ordinal": 1,
          "text": "DATALINK CLEARANCES ARE AVAILABLE.",
          "enabled": true
        },
        {
          "description": "LVPS",
          "ordinal": 2,
          "text": "LOW VISIBILITY PROCEDURES IN FORCE.  ",
          "enabled": true
        },
        {
          "description": "CAT II/III",
          "ordinal": 3,
          "text": "CAT II/III HOLDING POINTS IN USE.",
          "enabled": true
        }
      ],
      "atisFormat": {
        "observationTime": {
          "template": {
            "text": "{time}Z",
            "voice": "{time} ZULU {special}"
          }
        },
        "surfaceWind": {
          "speakLeadingZero": false,
          "magneticVariation": {
            "enabled": false,
            "magneticDegrees": 0
          },
          "standard": {
            "template": {
              "text": "{wind_dir}{wind_spd}KT",
              "voice": "WIND {wind_dir} degrees AT {wind_spd} knots"
            }
          },
          "standardGust": {
            "template": {
              "text": "{wind_dir}{wind_spd}G{wind_gust}KT",
              "voice": "WIND {wind_dir} degrees AT {wind_spd} knots GUSTS {wind_gust} "
            }
          },
          "variable": {
            "template": {
              "text": "VRB{wind_spd}KT",
              "voice": "WIND VARIABLE AT {wind_spd} knots"
            }
          },
          "variableGust": {
            "template": {
              "text": "VRB{wind_spd}G{wind_gust}KT",
              "voice": "WIND VARIABLE AT {wind_spd} knots GUSTS {wind_gust}"
            }
          },
          "variableDirection": {
            "template": {
              "text": "{wind_vmin}V{wind_vmax}",
              "voice": "WIND VARIABLE BETWEEN {wind_vmin} degrees AND {wind_vmax} degrees"
            }
          },
          "calm": {
            "calmWindSpeed": 2,
            "template": {
              "text": "{wind}",
              "voice": "WIND CALM"
            }
          }
        },
        "visibility": {
          "north": "to the north",
          "northEast": "to the north-east",
          "east": "to the east",
          "southEast": "to the south-east",
          "south": "to the south",
          "southWest": "to the south-west",
          "west": "to the west",
          "northWest": "to the north-west",
          "unlimitedVisibilityVoice": "visibility 10 kilometers or more",
          "unlimitedVisibilityText": "9999",
          "includeVisibilitySuffix": true,
          "metersCutoff": 5000,
          "template": {
            "text": "{visibility}",
            "voice": "VISIBILITY {visibility}"
          }
        },
        "presentWeather": {
          "lightIntensity": "light",
          "moderateIntensity": "",
          "heavyIntensity": "heavy",
          "vicinity": "in vicinity",
          "weatherTypes": {
            "DZ": "drizzle",
            "RA": "rain",
            "SN": "snow",
            "SG": "snow grains",
            "IC": "ice crystals",
            "PL": "ice pellets",
            "GR": "hail",
            "GS": "small hail",
            "UP": "unknown precipitation",
            "BR": "mist",
            "FG": "fog",
            "FU": "smoke",
            "VA": "volcanic ash",
            "DU": "widespread dust",
            "SA": "sand",
            "HZ": "haze",
            "PY": "spray",
            "PO": "well developed dust, sand whirls",
            "SQ": "squalls",
            "FC": "funnel cloud tornado waterspout",
            "SS": "sandstorm",
            "DS": "dust storm"
          },
          "weatherDescriptors": {
            "PR": "partial",
            "BC": "patches",
            "MI": "shallow",
            "DR": "low drifting",
            "BL": "blowing",
            "SH": "showers",
            "TS": "thunderstorm",
            "FZ": "freezing"
          },
          "template": {
            "text": "{weather}",
            "voice": "{weather}"
          }
        },
        "clouds": {
          "identifyCeilingLayer": true,
          "convertToMetric": false,
          "undeterminedLayerAltitude": {
            "text": "undetermined",
            "voice": "undetermined"
          },
          "types": {
            "FEW": {
              "$type": "Vatsim.Vatis.Profiles.AtisFormat.Nodes.CloudType, vATIS",
              "text": "FEW{altitude}",
              "voice": "few clouds at {altitude}"
            },
            "SCT": {
              "$type": "Vatsim.Vatis.Profiles.AtisFormat.Nodes.CloudType, vATIS",
              "text": "SCT{altitude}{convective}",
              "voice": "{altitude} scattered {convective}"
            },
            "BKN": {
              "$type": "Vatsim.Vatis.Profiles.AtisFormat.Nodes.CloudType, vATIS",
              "text": "BKN{altitude}{convective}",
              "voice": "{altitude} broken {convective}"
            },
            "OVC": {
              "$type": "Vatsim.Vatis.Profiles.AtisFormat.Nodes.CloudType, vATIS",
              "text": "OVC{altitude}{convective}",
              "voice": "{altitude} overcast {convective}"
            },
            "VV": {
              "$type": "Vatsim.Vatis.Profiles.AtisFormat.Nodes.CloudType, vATIS",
              "text": "VV{altitude}",
              "voice": "indefinite ceiling {altitude}"
            },
            "NSC": {
              "$type": "Vatsim.Vatis.Profiles.AtisFormat.Nodes.CloudType, vATIS",
              "text": "NSC",
              "voice": "no significant clouds"
            },
            "NCD": {
              "$type": "Vatsim.Vatis.Profiles.AtisFormat.Nodes.CloudType, vATIS",
              "text": "NCD",
              "voice": "no clouds detected"
            },
            "CLR": {
              "$type": "Vatsim.Vatis.Profiles.AtisFormat.Nodes.CloudType, vATIS",
              "text": "CLR",
              "voice": "sky clear below one-two thousand"
            },
            "SKC": {
              "$type": "Vatsim.Vatis.Profiles.AtisFormat.Nodes.CloudType, vATIS",
              "text": "SKC",
              "voice": "sky clear"
            }
          },
          "convectiveTypes": {
            "CB": "cumulonimbus",
            "TCU": "towering cumulus"
          },
          "template": {
            "text": "{clouds}",
            "voice": "{clouds}"
          }
        },
        "temperature": {
          "usePlusPrefix": false,
          "pronounceLeadingZero": true,
          "template": {
            "text": "{temp}",
            "voice": "TEMPERATURE {temp}"
          }
        },
        "dewpoint": {
          "usePlusPrefix": false,
          "pronounceLeadingZero": true,
          "template": {
            "text": "{dewpoint}",
            "voice": "DEWPOINT {dewpoint}"
          }
        },
        "altimeter": {
          "pronounceDecimal": false,
          "template": {
            "text": "Q{altimeter}",
            "voice": "QNH{altimeter|hpa}"
          }
        },
        "transitionLevel": {
          "values": [
            {
              "low": 1032,
              "high": 1049,
              "altitude": 65
            },
            {
              "low": 1013,
              "high": 1031,
              "altitude": 70
            },
            {
              "low": 995,
              "high": 1012,
              "altitude": 75
            },
            {
              "low": 977,
              "high": 994,
              "altitude": 80
            },
            {
              "low": 959,
              "high": 976,
              "altitude": 85
            },
            {
              "low": 940,
              "high": 958,
              "altitude": 90
            }
          ],
          "template": {
            "text": "TRANSITION LEVEL {trl}",
            "voice": "TRANSITION LEVEL {trl}"
          }
        },
        "closingStatement": {
          "autoIncludeClosingStatement": true,
          "template": {
            "text": "...ADVS YOU HAVE INFO {letter}",
            "voice": "ADVISE YOU HAVE INFORMATION {letter|word}"
          }
        }
      }
    }
  ]
}