{
  "name": "Manchester",
  "id": "7fa696aa-b9e5-4528-9a1c-4eac1d4f3259",
  "composites": [
    {
      "id": "034af1ae-f4c4-449f-9db5-400a59cacdb9",
      "name": "Manchester",
      "identifier": "EGCC",
      "atisType": "Combined",
      "codeRange": {
        "low": "A",
        "high": "Z"
      },
      "frequency": 121975000,
      "atisVoice": {
        "useTextToSpeech": true,
        "voice": "UK Female"
      },
      "idsEndpoint": "",
      "useNotamPrefix": false,
      "useDecimalTerminology": true,
      "airportConditionsBeforeFreeText": false,
      "notamsBeforeFreeText": false,
      "presets": [
        {
          "id": "f634c964-0217-4a93-9d89-158fe4b5d393",
          "name": "23R",
          "notams": "DATALINK CLEARANCES ARE AVAILABLE.",
          "template": "MANCHESTER INFORMATION [ATIS_CODE], TIME [TIME] AUTOMATIC. RUNWAY IN USE 23R, [TL], [WX]. [ARPT_COND], [NOTAMS]. ACKNOWLEDGE RECEIPT OF INFORMATION [ATIS_CODE] AND ADVISE AIRCRAFT TYPE ON FIRST CONTACT.",
          "externalGenerator": {
            "enabled": false
          }
        },
        {
          "id": "fe1eac26-2407-44a3-ab6c-48a4ee5f8b09",
          "name": "23 Duals",
          "notams": "DATALINK CLEARANCES ARE AVAILABLE.\nREPORT CALLSIGN ONLY ON FIRST CONTACT WITH GROUND.\n",
          "template": "MANCHESTER INFORMATION [ATIS_CODE], TIME [TIME] AUTOMATIC. DEPARTURE RUNWAY 23L, ARRIVAL RUNWAY 23R,  [TL], [WX]. [ARPT_COND], [NOTAMS]. ACKNOWLEDGE RECEIPT OF INFORMATION [ATIS_CODE] AND ADVISE AIRCRAFT TYPE ON FIRST CONTACT.",
          "externalGenerator": {
            "enabled": false
          }
        },
        {
          "id": "201ff3b8-d7dd-4c47-b6d4-c7ce8784eb9e",
          "name": "05L",
          "template": "MANCHESTER INFORMATION [ATIS_CODE], TIME [TIME] AUTOMATIC. RUNWAY IN USE 05L, [TL], [WX]. [ARPT_COND], [NOTAMS]. ACKNOWLEDGE RECEIPT OF INFORMATION [ATIS_CODE] AND ADVISE AIRCRAFT TYPE ON FIRST CONTACT.",
          "externalGenerator": {
            "enabled": false
          }
        },
        {
          "id": "4d0b5dec-9e2c-47f0-9dc1-52ae9b5404fa",
          "name": "05 Duals",
          "template": "MANCHESTER INFORMATION [ATIS_CODE], TIME [TIME] AUTOMATIC. DEPARTURE RUNWAY 05L, ARRIVAL RUNWAY 05R, [TL], [WX]. [ARPT_COND], [NOTAMS]. ACKNOWLEDGE RECEIPT OF INFORMATION [ATIS_CODE] AND ADVISE AIRCRAFT TYPE ON FIRST CONTACT.",
          "externalGenerator": {
            "enabled": false
          }
        },
        {
          "id": "b4c7710c-69f2-46e2-9376-b15dceac47fe",
          "name": "23L",
          "template": "MANCHESTER INFORMATION [ATIS_CODE], TIME [TIME] AUTOMATIC. RUNWAY IN USE 23L, [TL], [WX]. [ARPT_COND], [NOTAMS]. ACKNOWLEDGE RECEIPT OF INFORMATION [ATIS_CODE] AND ADVISE AIRCRAFT TYPE ON FIRST CONTACT.",
          "externalGenerator": {
            "enabled": false
          }
        },
        {
          "id": "a256ae11-1cf8-4b4d-9c80-071ade8301c0",
          "name": "05R",
          "template": "MANCHESTER INFORMATION [ATIS_CODE], TIME [TIME] AUTOMATIC. RUNWAY IN USE 05R, [TL], [WX]. [ARPT_COND], [NOTAMS]. ACKNOWLEDGE RECEIPT OF INFORMATION [ATIS_CODE] AND ADVISE AIRCRAFT TYPE ON FIRST CONTACT.",
          "externalGenerator": {
            "enabled": false
          }
        }
      ],
      "contractions": [
        {
          "string": "H24",
          "spoken": "TWENTY FOUR HOURS"
        },
        {
          "string": "23R",
          "spoken": "TWO THREE RIGHT"
        },
        {
          "string": "23L",
          "spoken": "TWO THREE LEFT"
        },
        {
          "string": "05L",
          "spoken": "ZERO FIVE LEFT"
        },
        {
          "string": "05R",
          "spoken": "ZERO FIVE RIGHT"
        }
      ],
      "airportConditionDefinitions": [],
      "notamDefinitions": [],
      "atisFormat": {
        "observationTime": {
          "template": {
            "text": "{time}Z",
            "voice": "{time} ZULU {special}"
          }
        },
        "surfaceWind": {
          "speakLeadingZero": false,
          "magneticVariation": {
            "enabled": false,
            "magneticDegrees": 0
          },
          "standard": {
            "template": {
              "text": "{wind_dir}{wind_spd}KT",
              "voice": "WIND {wind_dir} degrees AT {wind_spd} knots"
            }
          },
          "standardGust": {
            "template": {
              "text": "{wind_dir}{wind_spd}G{wind_gust}KT",
              "voice": "WIND {wind_dir} AT {wind_spd} knots GUSTS {wind_gust}"
            }
          },
          "variable": {
            "template": {
              "text": "VRB{wind_spd}KT",
              "voice": "WIND VARIABLE AT {wind_spd} knots"
            }
          },
          "variableGust": {
            "template": {
              "text": "VRB{wind_spd}G{wind_gust}KT",
              "voice": "WIND VARIABLE AT {wind_spd} knots GUSTS {wind_gust}"
            }
          },
          "variableDirection": {
            "template": {
              "text": "{wind_vmin}V{wind_vmax}",
              "voice": "WIND VARIABLE BETWEEN {wind_vmin} AND {wind_vmax} degrees"
            }
          },
          "calm": {
            "calmWindSpeed": 2,
            "template": {
              "text": "{wind}",
              "voice": "WIND CALM"
            }
          }
        },
        "visibility": {
          "north": "to the north",
          "northEast": "to the north-east",
          "east": "to the east",
          "southEast": "to the south-east",
          "south": "to the south",
          "southWest": "to the south-west",
          "west": "to the west",
          "northWest": "to the north-west",
          "unlimitedVisibilityVoice": "visibility ten kilometers or more",
          "unlimitedVisibilityText": "VIS 10KM",
          "includeVisibilitySuffix": true,
          "metersCutoff": 5000,
          "template": {
            "text": "{visibility}",
            "voice": "VISIBILITY {visibility}"
          }
        },
        "presentWeather": {
          "lightIntensity": "light",
          "moderateIntensity": "",
          "heavyIntensity": "heavy",
          "vicinity": "in vicinity",
          "weatherTypes": {
            "DZ": "drizzle",
            "RA": "rain",
            "SN": "snow",
            "SG": "snow grains",
            "IC": "ice crystals",
            "PL": "ice pellets",
            "GR": "hail",
            "GS": "small hail",
            "UP": "unknown precipitation",
            "BR": "mist",
            "FG": "fog",
            "FU": "smoke",
            "VA": "volcanic ash",
            "DU": "widespread dust",
            "SA": "sand",
            "HZ": "haze",
            "PY": "spray",
            "PO": "well developed dust, sand whirls",
            "SQ": "squalls",
            "FC": "funnel cloud tornado waterspout",
            "SS": "sandstorm",
            "DS": "dust storm"
          },
          "weatherDescriptors": {
            "PR": "partial",
            "BC": "patches",
            "MI": "shallow",
            "DR": "low drifting",
            "BL": "blowing",
            "SH": "showers",
            "TS": "thunderstorm",
            "FZ": "freezing"
          },
          "template": {
            "text": "{weather}",
            "voice": "{weather}"
          }
        },
        "clouds": {
          "identifyCeilingLayer": true,
          "convertToMetric": false,
          "undeterminedLayerAltitude": {
            "text": "undetermined",
            "voice": "undetermined"
          },
          "types": {
            "FEW": {
              "$type": "Vatsim.Vatis.Profiles.AtisFormat.Nodes.CloudType, vATIS",
              "text": "FEW{altitude}",
              "voice": "few clouds at {altitude} feet"
            },
            "SCT": {
              "$type": "Vatsim.Vatis.Profiles.AtisFormat.Nodes.CloudType, vATIS",
              "text": "SCT{altitude}{convective}",
              "voice": "{altitude} feets cattered {convective}"
            },
            "BKN": {
              "$type": "Vatsim.Vatis.Profiles.AtisFormat.Nodes.CloudType, vATIS",
              "text": "BKN{altitude}{convective}",
              "voice": "{altitude} feet broken {convective}"
            },
            "OVC": {
              "$type": "Vatsim.Vatis.Profiles.AtisFormat.Nodes.CloudType, vATIS",
              "text": "OVC{altitude}{convective}",
              "voice": "{altitude} feet overcast {convective}"
            },
            "VV": {
              "$type": "Vatsim.Vatis.Profiles.AtisFormat.Nodes.CloudType, vATIS",
              "text": "VV{altitude}",
              "voice": "indefinite ceiling {altitude}"
            },
            "NSC": {
              "$type": "Vatsim.Vatis.Profiles.AtisFormat.Nodes.CloudType, vATIS",
              "text": "NSC",
              "voice": "no significant clouds"
            },
            "NCD": {
              "$type": "Vatsim.Vatis.Profiles.AtisFormat.Nodes.CloudType, vATIS",
              "text": "NCD",
              "voice": "no clouds detected"
            },
            "CLR": {
              "$type": "Vatsim.Vatis.Profiles.AtisFormat.Nodes.CloudType, vATIS",
              "text": "CLR",
              "voice": "sky clear below one-two thousand feet"
            },
            "SKC": {
              "$type": "Vatsim.Vatis.Profiles.AtisFormat.Nodes.CloudType, vATIS",
              "text": "SKC",
              "voice": "sky clear"
            }
          },
          "convectiveTypes": {
            "CB": "cumulonimbus",
            "TCU": "towering cumulus"
          },
          "template": {
            "text": "{clouds}",
            "voice": "{clouds}"
          }
        },
        "temperature": {
          "usePlusPrefix": false,
          "pronounceLeadingZero": true,
          "template": {
            "text": "{temp}",
            "voice": "TEMPERATURE {temp}"
          }
        },
        "dewpoint": {
          "usePlusPrefix": false,
          "pronounceLeadingZero": true,
          "template": {
            "text": "{dewpoint}",
            "voice": "DEWPOINT {dewpoint}"
          }
        },
        "altimeter": {
          "pronounceDecimal": false,
          "template": {
            "text": "Q{altimeter} ",
            "voice": "QNH {altimeter|hpa}"
          }
        },
        "transitionLevel": {
          "values": [
            {
              "low": 1032,
              "high": 1049,
              "altitude": 55
            },
            {
              "low": 1013,
              "high": 1031,
              "altitude": 60
            },
            {
              "low": 995,
              "high": 1012,
              "altitude": 65
            },
            {
              "low": 977,
              "high": 994,
              "altitude": 70
            },
            {
              "low": 959,
              "high": 976,
              "altitude": 75
            },
            {
              "low": 940,
              "high": 958,
              "altitude": 80
            }
          ],
          "template": {
            "text": "TRANSITION LEVEL {trl}",
            "voice": "TRANSITION LEVEL {trl}"
          }
        },
        "closingStatement": {
          "autoIncludeClosingStatement": true,
          "template": {
            "text": "...ADVS YOU HAVE INFO {letter}",
            "voice": "ADVISE YOU HAVE INFORMATION {letter|word}"
          }
        }
      }
    }
  ]
}